Depto,C1,C2,CR,S1,S2,S3,S4,S5,S6,S7,S8,S9,S10,F1,F2,F3,F4,F5,F6,F7,F8,F9,F10,T1,T2,T3,T4,T5,T6,T7,T8,T9,T10,SM1,SM2,SM3,SM4,SM5,SM6,SM7,SM8,NF,SM9,SM10,Carrera,Campus,Sem,Sexo,Apr
Ingeniería Civil Industrial,4.0,4.0,0.0,4.0,0.0,4.0,4.0,4.0,3.0,4.0,4.0,4.0,4.0,4.0,4.0,4.0,4.0,4.0,4.0,4.0,4.0,4.0,4.0,4.0,4.0,4.0,4.0,4.0,4.0,4.0,4.0,4.0,4.0,4.0,4.0,4.0,4.0,4.0,4.0,4.0,4.0,96.0,0.0,0.0,6,2.0,2.0,0,1
Ingeniería Civil Industrial,4.0,1.0,0.0,4.0,4.0,4.0,4.0,4.0,4.0,0.0,4.0,4.0,4.0,4.0,4.0,4.0,4.0,4.0,4.0,4.0,4.0,4.0,4.0,4.0,4.0,4.0,4.0,4.0,1.0,4.0,4.0,4.0,1.0,4.0,4.0,4.0,0.0,4.0,4.0,0.0,4.0,75.0,0.0,0.0,6,2.0,2.0,0,1
Ingeniería Civil Industrial,4.0,2.0,0.0,4.0,4.0,4.0,4.0,4.0,4.0,4.0,4.0,4.0,4.0,4.0,4.0,4.0,4.0,4.0,4.0,4.0,4.0,4.0,4.0,4.0,4.0,4.0,4.0,4.0,4.0,3.0,1.0,4.0,0.0,4.0,4.0,4.0,4.0,4.0,4.0,2.0,4.0,79.0,0.0,0.0,6,2.0,2.0,0,1
Ingeniería Civil Industrial,4.0,4.0,0.0,4.0,4.0,4.0,4.0,4.0,4.0,4.0,4.0,3.0,4.0,0.0,4.0,4.0,4.0,4.0,4.0,4.0,4.0,4.0,4.0,4.0,4.0,4.0,4.0,4.0,4.0,4.0,4.0,4.0,4.0,0.0,4.0,4.0,4.0,4.0,4.0,4.0,4.0,95.0,0.0,0.0,6,2.0,2.0,0,1
Ingeniería Civil Industrial,4.0,4.0,0.0,4.0,4.0,4.0,4.0,4.0,3.0,4.0,4.0,4.0,4.0,0.0,4.0,4.0,4.0,4.0,4.0,4.0,4.0,4.0,4.0,4.0,4.0,4.0,4.0,4.0,4.0,4.0,4.0,4.0,4.0,4.0,4.0,4.0,4.0,4.0,4.0,4.0,3.0,88.0,0.0,0.0,6,2.0,2.0,1,1
Ingeniería Civil Industrial,4.0,3.0,0.0,4.0,0.0,4.0,4.0,4.0,4.0,4.0,4.0,4.0,4.0,4.0,4.0,4.0,4.0,4.0,4.0,4.0,4.0,4.0,4.0,4.0,4.0,4.0,4.0,4.0,4.0,4.0,4.0,4.0,2.0,4.0,4.0,4.0,4.0,4.0,4.0,4.0,4.0,85.0,0.0,0.0,6,2.0,2.0,0,1
Ingeniería Civil Industrial,3.0,4.0,0.0,4.0,4.0,4.0,4.0,4.0,4.0,4.0,2.0,3.0,4.0,4.0,4.0,4.0,4.0,4.0,4.0,4.0,4.0,4.0,4.0,4.0,4.0,4.0,4.0,4.0,4.0,4.0,4.0,4.0,4.0,4.0,4.0,4.0,4.0,4.0,4.0,4.0,4.0,81.0,0.0,0.0,6,2.0,2.0,1,1
Ingeniería Civil Industrial,4.0,3.0,0.0,4.0,0.0,4.0,4.0,4.0,4.0,4.0,4.0,3.0,4.0,4.0,4.0,4.0,4.0,4.0,4.0,4.0,4.0,4.0,4.0,4.0,4.0,4.0,4.0,4.0,4.0,4.0,4.0,4.0,4.0,4.0,4.0,4.0,4.0,4.0,4.0,4.0,4.0,86.0,0.0,0.0,6,2.0,2.0,1,1
Ingeniería Civil Industrial,4.0,3.0,0.0,4.0,4.0,4.0,4.0,4.0,4.0,4.0,4.0,4.0,4.0,0.0,4.0,1.0,4.0,4.0,4.0,4.0,0.0,0.0,0.0,4.0,4.0,4.0,4.0,4.0,4.0,0.0,0.0,0.0,0.0,0.0,0.0,0.0,0.0,0.0,0.0,0.0,0.0,76.0,0.0,0.0,6,2.0,2.0,0,1
Ingeniería Civil Industrial,2.0,4.0,0.0,0.0,0.0,4.0,4.0,0.0,1.0,0.0,4.0,0.0,2.0,0.0,0.0,0.0,0.0,0.0,0.0,0.0,0.0,0.0,0.0,0.0,4.0,4.0,4.0,0.0,4.0,4.0,4.0,4.0,4.0,0.0,0.0,0.0,0.0,0.0,0.0,0.0,0.0,56.0,0.0,0.0,6,2.0,2.0,1,1
Ingeniería Civil Industrial,4.0,4.0,0.0,4.0,0.0,4.0,4.0,4.0,1.0,4.0,2.0,3.0,4.0,4.0,4.0,4.0,4.0,4.0,4.0,4.0,4.0,4.0,2.0,4.0,4.0,4.0,4.0,4.0,4.0,4.0,4.0,4.0,1.0,0.0,4.0,4.0,4.0,4.0,2.0,4.0,0.0,77.0,0.0,0.0,6,2.0,2.0,1,1
Ingeniería Civil Industrial,4.0,1.0,0.0,4.0,4.0,4.0,4.0,4.0,4.0,4.0,4.0,4.0,4.0,4.0,4.0,4.0,4.0,4.0,4.0,4.0,4.0,4.0,4.0,4.0,4.0,4.0,4.0,4.0,4.0,4.0,4.0,4.0,4.0,4.0,4.0,4.0,4.0,4.0,4.0,4.0,4.0,78.0,0.0,0.0,6,2.0,2.0,0,1
Ingeniería Civil Industrial,4.0,4.0,0.0,4.0,4.0,4.0,4.0,4.0,4.0,4.0,4.0,4.0,4.0,4.0,4.0,4.0,4.0,4.0,4.0,4.0,4.0,4.0,4.0,4.0,4.0,4.0,4.0,4.0,4.0,4.0,4.0,4.0,0.0,4.0,4.0,4.0,4.0,4.0,4.0,4.0,4.0,98.0,0.0,0.0,6,2.0,2.0,0,1
Ingeniería Civil Industrial,4.0,0.0,4.0,4.0,0.0,4.0,4.0,4.0,4.0,4.0,4.0,4.0,4.0,4.0,4.0,4.0,4.0,4.0,4.0,4.0,4.0,4.0,4.0,4.0,4.0,4.0,4.0,4.0,4.0,4.0,4.0,4.0,4.0,4.0,4.0,4.0,4.0,4.0,4.0,4.0,4.0,75.0,0.0,0.0,6,2.0,2.0,0,1
Ingeniería en Aviación Comercial,4.0,4.0,0.0,4.0,4.0,4.0,2.0,2.0,3.0,1.0,0.0,1.0,4.0,0.0,4.0,4.0,4.0,4.0,4.0,4.0,0.0,4.0,4.0,4.0,4.0,4.0,0.0,4.0,0.0,0.0,0.0,0.0,4.0,4.0,4.0,4.0,4.0,4.0,0.0,0.0,0.0,77.0,0.0,0.0,15,2.0,2.0,0,1
Ingeniería Civil Industrial,4.0,4.0,0.0,4.0,4.0,4.0,4.0,4.0,4.0,4.0,4.0,4.0,4.0,4.0,3.0,4.0,4.0,2.0,3.0,4.0,4.0,1.0,0.0,4.0,4.0,4.0,4.0,4.0,4.0,4.0,4.0,4.0,4.0,4.0,4.0,4.0,4.0,4.0,4.0,4.0,4.0,92.0,0.0,0.0,6,2.0,2.0,0,1
Ingeniería Civil Industrial,4.0,2.0,0.0,4.0,4.0,4.0,4.0,4.0,4.0,4.0,4.0,3.0,4.0,4.0,4.0,4.0,4.0,4.0,4.0,4.0,0.0,4.0,4.0,4.0,4.0,4.0,3.0,4.0,4.0,4.0,4.0,4.0,4.0,4.0,4.0,4.0,4.0,4.0,0.0,4.0,3.0,83.0,0.0,0.0,6,2.0,2.0,1,1
Ingeniería en Aviación Comercial,4.0,4.0,0.0,4.0,0.0,4.0,4.0,4.0,3.0,4.0,4.0,4.0,4.0,4.0,4.0,4.0,4.0,4.0,4.0,4.0,4.0,4.0,4.0,4.0,4.0,4.0,4.0,4.0,4.0,4.0,4.0,4.0,4.0,4.0,4.0,4.0,4.0,4.0,4.0,4.0,4.0,94.0,0.0,0.0,15,2.0,2.0,0,1
Ingeniería Civil Industrial,4.0,4.0,0.0,4.0,4.0,4.0,4.0,4.0,4.0,4.0,4.0,4.0,4.0,0.0,4.0,4.0,4.0,4.0,4.0,4.0,4.0,4.0,4.0,4.0,4.0,4.0,4.0,4.0,4.0,4.0,4.0,4.0,4.0,0.0,4.0,4.0,4.0,4.0,4.0,4.0,0.0,95.0,0.0,0.0,6,2.0,2.0,0,1
Ingeniería Civil Industrial,4.0,1.0,0.0,4.0,0.0,4.0,4.0,4.0,4.0,4.0,4.0,4.0,4.0,4.0,4.0,1.0,4.0,4.0,4.0,4.0,4.0,4.0,4.0,4.0,4.0,4.0,4.0,4.0,4.0,4.0,4.0,4.0,0.0,0.0,4.0,4.0,4.0,4.0,4.0,4.0,4.0,72.0,0.0,0.0,6,2.0,2.0,0,1
Ingeniería Civil Industrial,4.0,1.0,0.0,4.0,4.0,4.0,4.0,4.0,4.0,4.0,2.0,4.0,4.0,4.0,4.0,4.0,4.0,4.0,4.0,4.0,4.0,4.0,4.0,4.0,4.0,4.0,4.0,4.0,4.0,4.0,4.0,4.0,2.0,4.0,4.0,4.0,4.0,4.0,4.0,4.0,4.0,75.0,0.0,0.0,6,2.0,2.0,1,1
Ingeniería Civil Industrial,0.0,0.0,1.0,4.0,4.0,4.0,4.0,4.0,4.0,4.0,4.0,3.0,4.0,4.0,4.0,4.0,4.0,4.0,4.0,4.0,0.0,4.0,4.0,0.0,4.0,4.0,0.0,0.0,3.0,4.0,1.0,3.0,0.0,4.0,0.0,4.0,4.0,4.0,0.0,0.0,0.0,17.0,0.0,0.0,6,2.0,2.0,1,0
Ingeniería en Aviación Comercial,0.0,0.0,0.0,0.0,0.0,0.0,4.0,2.0,1.0,4.0,4.0,3.0,4.0,0.0,4.0,4.0,4.0,0.0,0.0,4.0,0.0,0.0,4.0,4.0,0.0,0.0,0.0,0.0,0.0,0.0,0.0,0.0,0.0,0.0,0.0,4.0,4.0,4.0,4.0,4.0,4.0,0.0,0.0,0.0,15,2.0,2.0,0,0
Ingeniería Civil Industrial,4.0,3.0,0.0,4.0,4.0,4.0,4.0,4.0,4.0,4.0,4.0,4.0,4.0,4.0,4.0,4.0,4.0,4.0,4.0,4.0,4.0,4.0,4.0,4.0,4.0,4.0,4.0,4.0,4.0,4.0,3.0,4.0,0.0,0.0,4.0,4.0,4.0,4.0,1.0,4.0,0.0,78.0,0.0,0.0,6,2.0,2.0,0,1
Ingeniería Civil Industrial,1.0,1.0,0.0,4.0,4.0,4.0,4.0,4.0,4.0,4.0,4.0,4.0,4.0,4.0,4.0,4.0,4.0,4.0,0.0,1.0,0.0,0.0,4.0,4.0,4.0,4.0,1.0,0.0,0.0,2.0,0.0,0.0,1.0,4.0,0.0,0.0,0.0,0.0,0.0,0.0,4.0,35.0,0.0,0.0,6,2.0,2.0,1,0
Ingeniería en Aviación Comercial,4.0,4.0,0.0,4.0,4.0,4.0,4.0,2.0,3.0,4.0,1.0,3.0,4.0,4.0,4.0,4.0,4.0,4.0,4.0,4.0,4.0,4.0,4.0,4.0,4.0,4.0,4.0,4.0,4.0,4.0,4.0,4.0,4.0,4.0,4.0,4.0,4.0,4.0,4.0,4.0,4.0,95.0,0.0,0.0,15,2.0,2.0,0,1
Ingeniería Civil Industrial,4.0,3.0,0.0,4.0,0.0,4.0,4.0,4.0,0.0,4.0,4.0,0.0,0.0,0.0,0.0,0.0,1.0,0.0,0.0,1.0,0.0,0.0,0.0,0.0,4.0,4.0,4.0,0.0,0.0,4.0,0.0,4.0,4.0,0.0,0.0,0.0,0.0,0.0,0.0,0.0,0.0,60.0,0.0,0.0,6,2.0,2.0,0,1
Ingeniería Civil Industrial,4.0,4.0,0.0,4.0,4.0,4.0,4.0,4.0,4.0,4.0,4.0,4.0,4.0,4.0,4.0,4.0,4.0,4.0,4.0,4.0,4.0,4.0,4.0,4.0,4.0,4.0,4.0,4.0,3.0,4.0,4.0,4.0,4.0,0.0,4.0,4.0,4.0,4.0,4.0,4.0,1.0,84.0,0.0,0.0,6,2.0,2.0,0,1
Ingeniería Civil Industrial,4.0,2.0,0.0,4.0,4.0,4.0,4.0,4.0,4.0,4.0,4.0,4.0,4.0,4.0,4.0,4.0,4.0,4.0,4.0,4.0,4.0,4.0,4.0,1.0,4.0,4.0,0.0,4.0,2.0,4.0,4.0,4.0,4.0,0.0,4.0,0.0,4.0,4.0,4.0,0.0,4.0,81.0,0.0,0.0,6,2.0,2.0,0,1
Ingeniería Civil Industrial,4.0,3.0,0.0,4.0,4.0,4.0,4.0,4.0,4.0,4.0,4.0,4.0,4.0,4.0,4.0,4.0,4.0,4.0,4.0,4.0,4.0,4.0,4.0,4.0,4.0,4.0,4.0,4.0,4.0,4.0,4.0,4.0,4.0,4.0,4.0,4.0,4.0,4.0,4.0,4.0,4.0,84.0,0.0,0.0,6,2.0,2.0,0,1
Ingeniería Civil Industrial,1.0,2.0,4.0,4.0,4.0,4.0,4.0,4.0,4.0,4.0,1.0,4.0,4.0,4.0,4.0,4.0,4.0,4.0,4.0,4.0,4.0,4.0,4.0,4.0,4.0,4.0,4.0,4.0,4.0,3.0,4.0,4.0,2.0,4.0,4.0,4.0,4.0,4.0,4.0,4.0,4.0,80.0,0.0,0.0,6,2.0,2.0,0,1
Ingeniería Civil Industrial,4.0,4.0,0.0,4.0,4.0,4.0,4.0,4.0,4.0,4.0,4.0,4.0,4.0,4.0,4.0,4.0,4.0,4.0,4.0,4.0,4.0,4.0,4.0,4.0,4.0,4.0,4.0,4.0,4.0,4.0,4.0,4.0,4.0,4.0,4.0,4.0,4.0,4.0,4.0,4.0,4.0,93.0,0.0,0.0,6,2.0,2.0,1,1
Ingeniería Civil Industrial,4.0,0.0,4.0,4.0,4.0,4.0,4.0,4.0,4.0,4.0,4.0,1.0,4.0,4.0,4.0,4.0,4.0,4.0,4.0,4.0,4.0,4.0,4.0,4.0,4.0,4.0,4.0,4.0,4.0,4.0,4.0,4.0,4.0,4.0,4.0,4.0,4.0,4.0,4.0,4.0,4.0,52.0,0.0,0.0,6,2.0,2.0,0,0
Ingeniería Civil Industrial,3.0,2.0,0.0,4.0,0.0,4.0,4.0,4.0,4.0,4.0,2.0,4.0,4.0,0.0,3.0,4.0,4.0,1.0,1.0,1.0,4.0,0.0,4.0,4.0,4.0,4.0,4.0,4.0,4.0,4.0,4.0,4.0,0.0,0.0,0.0,0.0,0.0,0.0,0.0,0.0,0.0,65.0,0.0,0.0,6,2.0,2.0,1,1
Ingeniería Civil Industrial,4.0,3.0,0.0,4.0,4.0,4.0,4.0,4.0,1.0,3.0,1.0,4.0,4.0,4.0,4.0,4.0,4.0,4.0,4.0,4.0,4.0,4.0,4.0,4.0,4.0,4.0,4.0,4.0,4.0,4.0,4.0,4.0,4.0,4.0,4.0,4.0,4.0,0.0,4.0,4.0,4.0,85.0,0.0,0.0,6,2.0,2.0,0,1
Ingeniería Civil Industrial,3.0,0.0,4.0,4.0,4.0,4.0,4.0,4.0,4.0,4.0,4.0,4.0,0.0,4.0,4.0,4.0,4.0,4.0,4.0,4.0,4.0,0.0,4.0,4.0,4.0,4.0,4.0,4.0,0.0,0.0,4.0,4.0,4.0,4.0,4.0,4.0,4.0,4.0,4.0,4.0,0.0,81.0,0.0,0.0,6,2.0,2.0,0,1
Ingeniería Civil Industrial,4.0,0.0,4.0,4.0,4.0,4.0,4.0,4.0,4.0,4.0,4.0,4.0,4.0,4.0,4.0,4.0,4.0,4.0,4.0,4.0,4.0,4.0,4.0,4.0,4.0,4.0,4.0,4.0,4.0,4.0,4.0,4.0,4.0,4.0,4.0,4.0,4.0,4.0,4.0,4.0,4.0,46.0,0.0,0.0,6,2.0,2.0,1,0
Ingeniería Civil Industrial,4.0,4.0,0.0,4.0,4.0,4.0,4.0,4.0,4.0,4.0,4.0,4.0,4.0,4.0,4.0,4.0,4.0,4.0,4.0,4.0,4.0,4.0,4.0,4.0,4.0,4.0,4.0,4.0,4.0,4.0,4.0,4.0,4.0,4.0,4.0,4.0,4.0,4.0,4.0,4.0,4.0,100.0,0.0,0.0,6,2.0,2.0,0,1
Ingeniería Civil Industrial,3.0,2.0,0.0,4.0,4.0,4.0,4.0,4.0,4.0,4.0,4.0,4.0,4.0,4.0,4.0,4.0,4.0,4.0,4.0,4.0,4.0,4.0,4.0,4.0,4.0,4.0,4.0,4.0,1.0,4.0,4.0,4.0,1.0,4.0,4.0,4.0,0.0,4.0,4.0,0.0,4.0,74.0,0.0,0.0,6,2.0,2.0,1,1
Ingeniería Civil Industrial,4.0,2.0,0.0,4.0,4.0,4.0,4.0,4.0,4.0,3.0,2.0,4.0,0.0,4.0,4.0,4.0,4.0,4.0,4.0,4.0,0.0,4.0,4.0,4.0,4.0,4.0,4.0,4.0,0.0,4.0,4.0,4.0,1.0,4.0,4.0,4.0,4.0,4.0,4.0,4.0,0.0,73.0,0.0,0.0,6,2.0,2.0,1,1
Ingeniería Civil Industrial,4.0,4.0,0.0,4.0,0.0,4.0,4.0,4.0,1.0,4.0,4.0,3.0,4.0,4.0,4.0,4.0,4.0,4.0,4.0,4.0,4.0,4.0,4.0,4.0,4.0,4.0,4.0,4.0,4.0,4.0,4.0,4.0,4.0,4.0,4.0,4.0,4.0,4.0,4.0,4.0,4.0,87.0,0.0,0.0,6,2.0,2.0,0,1
Ingeniería Civil Industrial,4.0,3.0,0.0,4.0,4.0,4.0,4.0,4.0,4.0,4.0,4.0,4.0,4.0,4.0,4.0,4.0,4.0,4.0,4.0,4.0,4.0,4.0,4.0,4.0,4.0,4.0,4.0,4.0,0.0,2.0,4.0,4.0,4.0,4.0,4.0,4.0,4.0,4.0,4.0,4.0,4.0,86.0,0.0,0.0,6,2.0,2.0,0,1
Ingeniería Civil Industrial,4.0,2.0,0.0,4.0,0.0,4.0,4.0,4.0,3.0,4.0,4.0,4.0,4.0,0.0,4.0,4.0,4.0,4.0,4.0,4.0,4.0,4.0,4.0,4.0,4.0,4.0,4.0,4.0,0.0,4.0,4.0,4.0,0.0,4.0,4.0,4.0,4.0,4.0,4.0,0.0,4.0,77.0,0.0,0.0,6,2.0,2.0,1,1
Ingeniería en Aviación Comercial,1.0,1.0,0.0,4.0,0.0,4.0,4.0,4.0,1.0,3.0,0.0,0.0,0.0,4.0,4.0,4.0,4.0,4.0,0.0,4.0,0.0,4.0,0.0,4.0,4.0,4.0,0.0,0.0,0.0,1.0,0.0,0.0,0.0,0.0,0.0,0.0,0.0,0.0,0.0,0.0,0.0,28.0,0.0,0.0,15,2.0,2.0,1,0
Ingeniería Civil Industrial,4.0,4.0,0.0,4.0,4.0,4.0,4.0,4.0,4.0,4.0,4.0,3.0,4.0,4.0,4.0,4.0,4.0,4.0,4.0,4.0,4.0,4.0,4.0,4.0,4.0,4.0,4.0,4.0,4.0,4.0,4.0,4.0,4.0,4.0,4.0,4.0,4.0,4.0,4.0,4.0,0.0,95.0,0.0,0.0,6,2.0,2.0,0,1
Ingeniería Civil Industrial,0.0,0.0,0.0,4.0,4.0,4.0,4.0,4.0,1.0,0.0,0.0,0.0,0.0,4.0,4.0,4.0,4.0,4.0,4.0,4.0,4.0,0.0,0.0,4.0,4.0,4.0,0.0,0.0,0.0,0.0,0.0,0.0,0.0,4.0,4.0,4.0,0.0,0.0,0.0,0.0,0.0,0.0,0.0,0.0,6,2.0,2.0,1,0
Ingeniería Civil Industrial,4.0,0.0,3.0,4.0,4.0,1.0,4.0,4.0,4.0,4.0,4.0,4.0,4.0,4.0,4.0,4.0,4.0,4.0,4.0,4.0,4.0,4.0,4.0,4.0,4.0,4.0,4.0,4.0,0.0,4.0,4.0,4.0,4.0,4.0,4.0,4.0,4.0,4.0,4.0,4.0,4.0,45.0,0.0,0.0,6,2.0,2.0,1,0
Ingeniería Civil Industrial,4.0,4.0,0.0,4.0,0.0,0.0,0.0,2.0,4.0,4.0,1.0,1.0,4.0,3.0,4.0,0.0,4.0,0.0,4.0,4.0,4.0,4.0,4.0,4.0,4.0,4.0,4.0,4.0,0.0,4.0,4.0,4.0,4.0,4.0,0.0,4.0,4.0,4.0,4.0,4.0,4.0,83.0,0.0,0.0,6,2.0,2.0,0,1
Ingeniería Civil Industrial,4.0,4.0,0.0,4.0,0.0,4.0,4.0,4.0,4.0,3.0,4.0,4.0,4.0,4.0,4.0,4.0,4.0,4.0,4.0,4.0,0.0,4.0,4.0,4.0,4.0,4.0,4.0,4.0,4.0,4.0,4.0,4.0,4.0,4.0,0.0,4.0,4.0,0.0,4.0,0.0,4.0,87.0,0.0,0.0,6,2.0,2.0,0,1
Ingeniería Civil Industrial,4.0,4.0,0.0,4.0,4.0,4.0,4.0,4.0,4.0,4.0,4.0,4.0,4.0,4.0,4.0,4.0,4.0,4.0,4.0,4.0,4.0,4.0,4.0,4.0,4.0,4.0,4.0,4.0,4.0,4.0,4.0,4.0,4.0,4.0,4.0,4.0,4.0,4.0,4.0,4.0,4.0,100.0,0.0,0.0,6,2.0,2.0,1,1
Ingeniería Civil Industrial,4.0,1.0,0.0,4.0,4.0,4.0,4.0,4.0,4.0,4.0,4.0,3.0,4.0,4.0,4.0,4.0,4.0,4.0,4.0,4.0,0.0,4.0,4.0,4.0,4.0,4.0,4.0,4.0,4.0,4.0,4.0,4.0,0.0,0.0,4.0,4.0,4.0,4.0,4.0,4.0,4.0,77.0,0.0,0.0,6,2.0,2.0,0,1
Ingeniería Civil Industrial,4.0,1.0,0.0,4.0,0.0,4.0,4.0,4.0,4.0,4.0,4.0,4.0,4.0,4.0,4.0,4.0,4.0,4.0,4.0,4.0,4.0,4.0,0.0,4.0,4.0,4.0,4.0,4.0,0.0,0.0,4.0,4.0,0.0,0.0,4.0,4.0,4.0,4.0,4.0,0.0,4.0,74.0,0.0,0.0,6,2.0,2.0,0,1
Ingeniería Civil Industrial,4.0,4.0,0.0,4.0,4.0,4.0,4.0,4.0,4.0,4.0,2.0,3.0,4.0,4.0,4.0,4.0,4.0,4.0,4.0,4.0,4.0,4.0,4.0,4.0,4.0,4.0,4.0,4.0,4.0,4.0,4.0,4.0,4.0,4.0,4.0,4.0,4.0,4.0,4.0,4.0,4.0,94.0,0.0,0.0,6,2.0,2.0,0,1
Ingeniería en Aviación Comercial,4.0,1.0,2.0,2.0,0.0,4.0,4.0,1.0,3.0,3.0,4.0,1.0,4.0,4.0,4.0,4.0,4.0,4.0,4.0,4.0,4.0,4.0,4.0,4.0,4.0,4.0,4.0,4.0,0.0,4.0,4.0,4.0,4.0,0.0,4.0,4.0,4.0,4.0,4.0,4.0,4.0,70.0,0.0,0.0,15,2.0,2.0,0,1
Ingeniería Civil Industrial,4.0,4.0,0.0,4.0,4.0,4.0,4.0,4.0,4.0,4.0,4.0,4.0,4.0,4.0,4.0,4.0,4.0,4.0,4.0,4.0,4.0,4.0,4.0,4.0,4.0,4.0,4.0,4.0,4.0,4.0,4.0,4.0,4.0,4.0,4.0,4.0,4.0,4.0,4.0,4.0,0.0,86.0,0.0,0.0,6,2.0,2.0,1,1
Ingeniería Civil Industrial,4.0,0.0,4.0,4.0,0.0,4.0,4.0,4.0,4.0,4.0,4.0,4.0,4.0,0.0,4.0,4.0,4.0,4.0,0.0,0.0,4.0,0.0,0.0,4.0,4.0,4.0,4.0,4.0,0.0,4.0,1.0,4.0,4.0,0.0,4.0,0.0,0.0,0.0,0.0,0.0,0.0,65.0,0.0,0.0,6,2.0,2.0,0,1
Ingeniería Civil Industrial,3.0,4.0,0.0,4.0,4.0,4.0,4.0,1.0,4.0,4.0,4.0,4.0,4.0,4.0,4.0,4.0,4.0,4.0,4.0,4.0,4.0,4.0,4.0,4.0,4.0,4.0,4.0,4.0,4.0,4.0,4.0,4.0,4.0,4.0,0.0,4.0,4.0,4.0,4.0,4.0,4.0,81.0,0.0,0.0,6,2.0,2.0,1,1
Ingeniería Civil Industrial,4.0,1.0,0.0,4.0,4.0,4.0,4.0,2.0,4.0,4.0,4.0,4.0,4.0,0.0,4.0,4.0,4.0,4.0,4.0,4.0,4.0,4.0,4.0,4.0,4.0,4.0,4.0,4.0,4.0,4.0,4.0,4.0,4.0,4.0,4.0,4.0,4.0,4.0,4.0,4.0,4.0,79.0,0.0,0.0,6,2.0,2.0,1,1
Ingeniería Civil Industrial,4.0,1.0,0.0,4.0,4.0,1.0,4.0,4.0,4.0,4.0,4.0,4.0,4.0,4.0,4.0,4.0,4.0,4.0,4.0,4.0,4.0,4.0,4.0,4.0,4.0,4.0,4.0,4.0,4.0,4.0,4.0,4.0,4.0,4.0,4.0,4.0,4.0,4.0,4.0,4.0,4.0,75.0,0.0,0.0,6,2.0,2.0,1,1
Ingeniería Civil Industrial,4.0,1.0,0.0,4.0,0.0,4.0,4.0,2.0,4.0,3.0,2.0,4.0,4.0,4.0,4.0,4.0,4.0,4.0,4.0,4.0,4.0,4.0,4.0,4.0,4.0,4.0,4.0,4.0,4.0,4.0,4.0,4.0,0.0,4.0,4.0,4.0,4.0,4.0,4.0,4.0,4.0,74.0,0.0,0.0,6,2.0,2.0,0,1
Ingeniería Civil Industrial,4.0,1.0,3.0,4.0,0.0,4.0,4.0,4.0,4.0,4.0,4.0,3.0,4.0,4.0,4.0,4.0,4.0,4.0,4.0,4.0,4.0,4.0,4.0,4.0,4.0,4.0,4.0,4.0,4.0,4.0,4.0,4.0,4.0,4.0,4.0,4.0,4.0,4.0,4.0,4.0,4.0,80.0,0.0,0.0,6,2.0,2.0,1,1
Ingeniería Civil Industrial,3.0,1.0,2.0,4.0,4.0,4.0,4.0,4.0,4.0,4.0,4.0,4.0,4.0,4.0,4.0,4.0,4.0,4.0,4.0,4.0,4.0,4.0,4.0,4.0,4.0,4.0,4.0,4.0,4.0,4.0,4.0,4.0,4.0,4.0,4.0,4.0,4.0,4.0,4.0,4.0,4.0,77.0,0.0,0.0,6,2.0,2.0,0,1
Ingeniería Civil Industrial,4.0,4.0,0.0,4.0,4.0,4.0,4.0,4.0,4.0,4.0,4.0,4.0,4.0,4.0,4.0,4.0,4.0,4.0,4.0,4.0,4.0,4.0,4.0,4.0,4.0,4.0,4.0,4.0,4.0,4.0,4.0,4.0,4.0,4.0,4.0,4.0,4.0,4.0,4.0,4.0,4.0,99.0,0.0,0.0,6,2.0,2.0,1,1
Ingeniería en Aviación Comercial,2.0,0.0,0.0,4.0,0.0,4.0,4.0,4.0,3.0,4.0,0.0,1.0,4.0,0.0,4.0,4.0,4.0,4.0,0.0,2.0,0.0,4.0,0.0,4.0,4.0,4.0,4.0,4.0,4.0,4.0,0.0,0.0,0.0,0.0,0.0,0.0,0.0,0.0,0.0,0.0,0.0,25.0,0.0,0.0,15,2.0,2.0,1,0
Ingeniería Civil Industrial,4.0,3.0,0.0,4.0,4.0,4.0,4.0,2.0,4.0,4.0,4.0,1.0,4.0,4.0,4.0,4.0,4.0,4.0,4.0,4.0,4.0,4.0,4.0,4.0,4.0,4.0,4.0,4.0,0.0,4.0,4.0,4.0,0.0,4.0,4.0,4.0,4.0,0.0,0.0,0.0,0.0,78.0,0.0,0.0,6,2.0,2.0,1,1
Ingeniería en Aviación Comercial,4.0,2.0,0.0,0.0,4.0,0.0,0.0,4.0,0.0,4.0,4.0,0.0,4.0,4.0,4.0,1.0,4.0,0.0,0.0,1.0,4.0,0.0,0.0,4.0,4.0,0.0,4.0,4.0,2.0,4.0,4.0,4.0,0.0,0.0,0.0,0.0,0.0,0.0,1.0,0.0,0.0,59.0,0.0,0.0,15,2.0,2.0,0,1
Ingeniería Civil Industrial,4.0,4.0,0.0,4.0,4.0,4.0,4.0,2.0,4.0,4.0,4.0,3.0,4.0,1.0,4.0,4.0,4.0,4.0,3.0,4.0,0.0,4.0,4.0,4.0,4.0,4.0,4.0,4.0,0.0,4.0,4.0,4.0,4.0,4.0,4.0,4.0,4.0,4.0,4.0,4.0,4.0,93.0,0.0,0.0,6,2.0,2.0,0,1
Ingeniería Civil Industrial,4.0,4.0,0.0,4.0,4.0,4.0,4.0,4.0,3.0,4.0,4.0,1.0,4.0,4.0,4.0,4.0,4.0,4.0,4.0,1.0,4.0,0.0,0.0,4.0,4.0,4.0,4.0,4.0,0.0,4.0,4.0,4.0,4.0,4.0,4.0,4.0,4.0,2.0,4.0,4.0,4.0,89.0,0.0,0.0,6,2.0,2.0,0,1
Ingeniería Civil Industrial,4.0,4.0,0.0,4.0,0.0,1.0,4.0,4.0,4.0,4.0,4.0,3.0,4.0,4.0,4.0,4.0,4.0,4.0,3.0,4.0,4.0,4.0,4.0,4.0,4.0,4.0,4.0,4.0,4.0,4.0,4.0,4.0,4.0,4.0,4.0,4.0,4.0,4.0,4.0,4.0,4.0,91.0,0.0,0.0,6,2.0,2.0,1,1
Ingeniería Civil Industrial,4.0,2.0,0.0,4.0,0.0,4.0,4.0,4.0,4.0,4.0,4.0,4.0,4.0,4.0,4.0,4.0,4.0,4.0,4.0,4.0,4.0,4.0,4.0,4.0,4.0,4.0,4.0,0.0,0.0,4.0,4.0,4.0,4.0,4.0,4.0,4.0,4.0,4.0,4.0,4.0,4.0,81.0,0.0,0.0,6,2.0,2.0,0,1
Ingeniería Civil Industrial,4.0,2.0,0.0,4.0,4.0,4.0,4.0,4.0,4.0,4.0,2.0,3.0,4.0,0.0,4.0,4.0,0.0,4.0,0.0,0.0,4.0,4.0,0.0,4.0,4.0,4.0,0.0,1.0,1.0,4.0,1.0,1.0,1.0,0.0,0.0,0.0,0.0,0.0,0.0,0.0,0.0,60.0,0.0,0.0,6,2.0,2.0,1,1
Ingeniería Civil Industrial,4.0,4.0,0.0,4.0,4.0,4.0,4.0,2.0,4.0,4.0,4.0,4.0,4.0,4.0,4.0,4.0,4.0,4.0,4.0,4.0,4.0,4.0,4.0,4.0,4.0,4.0,4.0,4.0,4.0,4.0,4.0,4.0,4.0,4.0,4.0,4.0,4.0,4.0,4.0,4.0,4.0,88.0,0.0,0.0,6,2.0,2.0,1,1
Ingeniería Civil Industrial,4.0,2.0,0.0,4.0,4.0,4.0,4.0,4.0,4.0,4.0,4.0,3.0,4.0,4.0,4.0,4.0,4.0,4.0,4.0,4.0,4.0,4.0,4.0,4.0,4.0,4.0,4.0,4.0,4.0,4.0,4.0,4.0,4.0,4.0,4.0,4.0,4.0,4.0,4.0,4.0,4.0,88.0,0.0,0.0,6,2.0,2.0,0,1
Ingeniería Civil Industrial,4.0,4.0,0.0,4.0,0.0,1.0,4.0,4.0,4.0,4.0,4.0,3.0,4.0,4.0,4.0,4.0,4.0,4.0,4.0,4.0,4.0,4.0,4.0,4.0,4.0,4.0,4.0,4.0,4.0,4.0,4.0,4.0,4.0,4.0,4.0,4.0,4.0,4.0,4.0,4.0,4.0,90.0,0.0,0.0,6,2.0,2.0,0,1
Ingeniería Civil Industrial,2.0,1.0,3.0,4.0,0.0,4.0,4.0,2.0,3.0,4.0,1.0,3.0,4.0,4.0,4.0,4.0,4.0,4.0,4.0,4.0,4.0,4.0,4.0,4.0,4.0,4.0,4.0,3.0,2.0,0.0,0.0,4.0,4.0,4.0,4.0,4.0,4.0,4.0,0.0,4.0,4.0,66.0,0.0,0.0,6,2.0,2.0,1,1
Ingeniería Civil Industrial,4.0,4.0,0.0,4.0,4.0,4.0,4.0,2.0,4.0,4.0,4.0,4.0,4.0,4.0,4.0,4.0,4.0,4.0,4.0,4.0,4.0,4.0,4.0,4.0,4.0,4.0,4.0,4.0,4.0,4.0,4.0,4.0,4.0,4.0,4.0,4.0,4.0,4.0,4.0,4.0,4.0,90.0,0.0,0.0,6,2.0,2.0,1,1
Ingeniería Civil Industrial,4.0,4.0,0.0,4.0,0.0,4.0,4.0,4.0,4.0,4.0,4.0,4.0,4.0,4.0,4.0,4.0,4.0,4.0,4.0,4.0,4.0,4.0,4.0,4.0,4.0,4.0,4.0,4.0,4.0,4.0,4.0,4.0,4.0,4.0,4.0,4.0,4.0,4.0,4.0,4.0,4.0,92.0,0.0,0.0,6,2.0,2.0,1,1
Ingeniería Civil Industrial,4.0,4.0,0.0,4.0,4.0,4.0,4.0,4.0,4.0,4.0,4.0,4.0,4.0,4.0,4.0,4.0,4.0,3.0,4.0,4.0,0.0,4.0,4.0,4.0,4.0,4.0,4.0,4.0,0.0,4.0,4.0,4.0,0.0,4.0,4.0,4.0,4.0,4.0,4.0,0.0,4.0,85.0,0.0,0.0,6,2.0,2.0,0,1
Ingeniería Civil Industrial,4.0,4.0,0.0,4.0,4.0,4.0,4.0,4.0,4.0,4.0,4.0,4.0,4.0,4.0,4.0,4.0,4.0,4.0,4.0,4.0,4.0,4.0,4.0,4.0,4.0,4.0,4.0,4.0,4.0,4.0,4.0,4.0,4.0,4.0,4.0,4.0,4.0,4.0,4.0,4.0,4.0,100.0,0.0,0.0,6,2.0,2.0,0,1
Ingeniería Civil Industrial,4.0,1.0,3.0,4.0,4.0,4.0,4.0,0.0,1.0,3.0,1.0,4.0,4.0,4.0,4.0,4.0,4.0,4.0,4.0,4.0,4.0,4.0,4.0,4.0,4.0,4.0,4.0,4.0,0.0,4.0,4.0,4.0,1.0,4.0,4.0,4.0,4.0,4.0,4.0,4.0,4.0,74.0,0.0,0.0,6,2.0,2.0,0,1
Ingeniería Civil Industrial,4.0,4.0,0.0,4.0,4.0,4.0,4.0,4.0,4.0,4.0,4.0,4.0,4.0,4.0,4.0,4.0,4.0,4.0,4.0,4.0,4.0,4.0,4.0,4.0,4.0,4.0,4.0,4.0,4.0,4.0,4.0,4.0,4.0,4.0,4.0,4.0,4.0,4.0,4.0,4.0,4.0,93.0,0.0,0.0,6,2.0,2.0,0,1
Ingeniería Civil Industrial,4.0,0.0,4.0,4.0,4.0,4.0,4.0,4.0,4.0,4.0,0.0,4.0,4.0,4.0,4.0,4.0,4.0,4.0,2.0,4.0,4.0,4.0,4.0,4.0,4.0,4.0,4.0,4.0,0.0,4.0,4.0,0.0,0.0,4.0,4.0,4.0,4.0,4.0,4.0,4.0,4.0,70.0,0.0,0.0,6,2.0,2.0,0,1
Ingeniería Civil Industrial,4.0,2.0,0.0,4.0,4.0,4.0,4.0,4.0,4.0,4.0,4.0,4.0,4.0,4.0,4.0,4.0,4.0,4.0,4.0,4.0,4.0,4.0,4.0,4.0,4.0,4.0,4.0,4.0,0.0,4.0,4.0,4.0,0.0,4.0,4.0,4.0,4.0,4.0,4.0,4.0,4.0,76.0,0.0,0.0,6,2.0,2.0,1,1
Ingeniería Civil Industrial,4.0,2.0,0.0,4.0,4.0,4.0,4.0,2.0,4.0,4.0,4.0,4.0,4.0,4.0,4.0,4.0,4.0,4.0,4.0,4.0,4.0,0.0,4.0,4.0,4.0,4.0,4.0,4.0,0.0,4.0,4.0,4.0,4.0,4.0,4.0,4.0,4.0,4.0,4.0,0.0,0.0,84.0,0.0,0.0,6,2.0,2.0,0,1
Ingeniería Civil Industrial,4.0,4.0,0.0,4.0,4.0,4.0,4.0,4.0,1.0,4.0,4.0,4.0,4.0,4.0,4.0,4.0,4.0,4.0,4.0,4.0,4.0,4.0,4.0,4.0,4.0,4.0,4.0,4.0,4.0,4.0,4.0,4.0,4.0,4.0,4.0,4.0,4.0,4.0,4.0,4.0,4.0,95.0,0.0,0.0,6,2.0,2.0,1,1
Ingeniería Civil Industrial,4.0,4.0,0.0,4.0,4.0,4.0,4.0,4.0,4.0,4.0,4.0,4.0,4.0,4.0,4.0,4.0,4.0,4.0,4.0,4.0,4.0,4.0,4.0,4.0,4.0,4.0,4.0,4.0,4.0,4.0,4.0,4.0,4.0,4.0,4.0,4.0,4.0,4.0,4.0,4.0,4.0,96.0,0.0,0.0,6,2.0,2.0,1,1
Ingeniería Civil Industrial,4.0,1.0,2.0,4.0,4.0,4.0,4.0,4.0,0.0,4.0,4.0,4.0,4.0,0.0,4.0,4.0,4.0,4.0,4.0,4.0,4.0,4.0,4.0,4.0,4.0,4.0,4.0,4.0,4.0,1.0,4.0,4.0,0.0,4.0,4.0,4.0,4.0,4.0,4.0,4.0,4.0,79.0,0.0,0.0,6,2.0,2.0,0,1
Ingeniería Civil Industrial,4.0,0.0,0.0,4.0,4.0,4.0,4.0,4.0,4.0,4.0,4.0,4.0,4.0,4.0,4.0,4.0,4.0,3.0,4.0,4.0,4.0,4.0,4.0,4.0,4.0,4.0,4.0,4.0,4.0,4.0,4.0,4.0,0.0,4.0,4.0,0.0,4.0,4.0,4.0,0.0,4.0,49.0,0.0,0.0,6,2.0,2.0,0,0
Ingeniería Civil Industrial,4.0,4.0,0.0,4.0,4.0,4.0,4.0,4.0,4.0,4.0,4.0,4.0,4.0,4.0,4.0,4.0,4.0,4.0,4.0,4.0,4.0,4.0,4.0,4.0,4.0,4.0,4.0,4.0,4.0,4.0,4.0,4.0,4.0,4.0,4.0,4.0,4.0,4.0,4.0,4.0,4.0,87.0,0.0,0.0,6,2.0,2.0,0,1
Ingeniería Civil Industrial,4.0,2.0,0.0,4.0,4.0,4.0,4.0,4.0,4.0,4.0,4.0,4.0,4.0,4.0,4.0,4.0,4.0,4.0,4.0,4.0,4.0,4.0,4.0,4.0,4.0,4.0,4.0,4.0,4.0,4.0,4.0,4.0,0.0,4.0,4.0,4.0,4.0,4.0,4.0,4.0,4.0,84.0,0.0,0.0,6,2.0,2.0,1,1
Ingeniería Civil Industrial,4.0,4.0,0.0,4.0,4.0,4.0,4.0,4.0,4.0,4.0,4.0,4.0,4.0,4.0,4.0,4.0,4.0,4.0,4.0,4.0,4.0,4.0,4.0,4.0,4.0,4.0,4.0,4.0,4.0,4.0,0.0,4.0,4.0,4.0,4.0,4.0,4.0,4.0,4.0,4.0,4.0,91.0,0.0,0.0,6,2.0,2.0,1,1
Ingeniería Civil Industrial,4.0,4.0,0.0,4.0,4.0,4.0,4.0,4.0,4.0,4.0,4.0,4.0,4.0,4.0,4.0,4.0,4.0,4.0,4.0,4.0,4.0,4.0,4.0,4.0,4.0,4.0,4.0,4.0,4.0,4.0,4.0,4.0,4.0,4.0,4.0,4.0,4.0,4.0,4.0,4.0,4.0,97.0,0.0,0.0,6,2.0,2.0,1,1
Ingeniería Civil Industrial,4.0,3.0,0.0,4.0,4.0,4.0,4.0,4.0,4.0,0.0,4.0,4.0,4.0,4.0,4.0,4.0,4.0,4.0,0.0,0.0,4.0,0.0,0.0,4.0,4.0,4.0,4.0,4.0,0.0,0.0,4.0,1.0,0.0,4.0,4.0,4.0,4.0,4.0,0.0,0.0,0.0,73.0,0.0,0.0,6,2.0,2.0,0,1
Ingeniería Civil Industrial,4.0,4.0,0.0,4.0,4.0,4.0,4.0,4.0,4.0,4.0,4.0,4.0,4.0,4.0,4.0,4.0,4.0,4.0,4.0,4.0,4.0,4.0,4.0,4.0,4.0,4.0,4.0,4.0,4.0,4.0,4.0,4.0,4.0,4.0,4.0,4.0,4.0,4.0,4.0,0.0,4.0,95.0,0.0,0.0,6,2.0,2.0,0,1
Ingeniería Civil Industrial,2.0,0.0,4.0,4.0,4.0,4.0,4.0,4.0,4.0,4.0,4.0,4.0,4.0,0.0,4.0,4.0,4.0,4.0,4.0,4.0,4.0,4.0,4.0,4.0,4.0,4.0,4.0,4.0,4.0,4.0,0.0,4.0,4.0,4.0,4.0,4.0,4.0,4.0,0.0,4.0,4.0,77.0,0.0,0.0,6,2.0,2.0,0,1
Ingeniería Civil Industrial,4.0,0.0,4.0,4.0,4.0,4.0,4.0,4.0,4.0,4.0,4.0,4.0,4.0,4.0,4.0,4.0,4.0,4.0,4.0,4.0,4.0,4.0,4.0,4.0,4.0,4.0,4.0,4.0,4.0,4.0,4.0,4.0,0.0,4.0,4.0,4.0,4.0,4.0,4.0,4.0,4.0,77.0,0.0,0.0,6,2.0,2.0,1,1
Ingeniería Civil Industrial,4.0,1.0,0.0,4.0,4.0,4.0,4.0,4.0,3.0,4.0,1.0,4.0,4.0,4.0,4.0,4.0,4.0,4.0,4.0,4.0,4.0,4.0,0.0,4.0,4.0,4.0,4.0,4.0,4.0,4.0,4.0,0.0,0.0,4.0,4.0,4.0,4.0,4.0,0.0,4.0,0.0,74.0,0.0,0.0,6,2.0,2.0,0,1
Ingeniería Civil Industrial,4.0,4.0,0.0,4.0,4.0,4.0,4.0,4.0,4.0,4.0,4.0,4.0,4.0,4.0,4.0,4.0,4.0,4.0,4.0,4.0,4.0,4.0,4.0,4.0,4.0,4.0,4.0,4.0,4.0,4.0,4.0,4.0,4.0,4.0,4.0,4.0,4.0,4.0,4.0,4.0,4.0,100.0,0.0,0.0,6,2.0,2.0,0,1
Ingeniería Civil Industrial,4.0,0.0,0.0,4.0,1.0,4.0,4.0,4.0,4.0,4.0,4.0,4.0,3.0,4.0,4.0,4.0,4.0,4.0,4.0,0.0,4.0,4.0,4.0,4.0,4.0,4.0,4.0,4.0,0.0,0.0,2.0,0.0,0.0,4.0,4.0,4.0,0.0,4.0,4.0,1.0,0.0,35.0,0.0,0.0,6,2.0,2.0,0,0
Ingeniería Civil Industrial,4.0,4.0,0.0,4.0,4.0,4.0,4.0,4.0,3.0,4.0,4.0,4.0,4.0,4.0,4.0,4.0,4.0,4.0,4.0,4.0,4.0,4.0,4.0,4.0,4.0,4.0,4.0,4.0,4.0,4.0,0.0,4.0,4.0,4.0,4.0,4.0,4.0,4.0,4.0,4.0,4.0,97.0,0.0,0.0,6,2.0,2.0,0,1
Ingeniería Civil Industrial,3.0,1.0,3.0,4.0,4.0,4.0,4.0,4.0,4.0,0.0,4.0,4.0,4.0,4.0,4.0,4.0,4.0,4.0,0.0,4.0,4.0,0.0,0.0,4.0,4.0,4.0,4.0,4.0,0.0,0.0,3.0,0.0,0.0,4.0,4.0,4.0,4.0,4.0,0.0,0.0,0.0,67.0,0.0,0.0,6,2.0,2.0,1,1
Ingeniería Civil Industrial,4.0,3.0,0.0,4.0,4.0,4.0,4.0,4.0,4.0,4.0,4.0,4.0,4.0,0.0,4.0,4.0,4.0,4.0,4.0,4.0,4.0,4.0,4.0,4.0,4.0,4.0,4.0,4.0,4.0,2.0,4.0,4.0,4.0,4.0,4.0,4.0,4.0,4.0,4.0,0.0,4.0,87.0,0.0,0.0,6,2.0,2.0,0,1
Ingeniería Civil Industrial,4.0,2.0,0.0,4.0,4.0,4.0,4.0,4.0,4.0,0.0,4.0,4.0,4.0,4.0,4.0,4.0,4.0,4.0,4.0,4.0,4.0,4.0,4.0,4.0,4.0,4.0,4.0,4.0,4.0,4.0,4.0,4.0,4.0,4.0,4.0,4.0,4.0,4.0,4.0,4.0,2.0,80.0,0.0,0.0,6,2.0,2.0,0,1
Ingeniería Civil Industrial,4.0,0.0,4.0,4.0,4.0,4.0,4.0,4.0,4.0,4.0,4.0,4.0,4.0,4.0,4.0,4.0,4.0,4.0,4.0,0.0,4.0,4.0,4.0,4.0,4.0,4.0,4.0,4.0,4.0,4.0,4.0,0.0,4.0,4.0,4.0,4.0,4.0,4.0,4.0,4.0,4.0,73.0,0.0,0.0,6,2.0,2.0,0,1
Ingeniería Civil Industrial,4.0,4.0,0.0,4.0,4.0,4.0,4.0,4.0,1.0,4.0,4.0,4.0,4.0,4.0,4.0,4.0,4.0,4.0,4.0,4.0,4.0,4.0,4.0,4.0,4.0,4.0,4.0,4.0,4.0,4.0,4.0,4.0,4.0,4.0,4.0,4.0,4.0,4.0,4.0,4.0,4.0,95.0,0.0,0.0,6,2.0,2.0,0,1
Ingeniería Civil Industrial,4.0,4.0,0.0,4.0,4.0,4.0,4.0,4.0,4.0,4.0,4.0,4.0,4.0,4.0,4.0,4.0,4.0,4.0,4.0,4.0,4.0,4.0,4.0,4.0,4.0,4.0,4.0,4.0,4.0,4.0,4.0,4.0,4.0,4.0,4.0,4.0,4.0,4.0,4.0,4.0,4.0,97.0,0.0,0.0,6,2.0,2.0,1,1
Ingeniería Civil Industrial,2.0,1.0,4.0,4.0,4.0,1.0,4.0,4.0,1.0,4.0,4.0,4.0,4.0,4.0,4.0,4.0,4.0,4.0,4.0,4.0,4.0,4.0,4.0,4.0,4.0,4.0,4.0,4.0,0.0,1.0,1.0,1.0,0.0,4.0,4.0,4.0,4.0,0.0,0.0,4.0,0.0,66.0,0.0,0.0,6,2.0,2.0,1,1
Ingeniería Civil Industrial,4.0,4.0,0.0,4.0,4.0,1.0,4.0,4.0,4.0,4.0,4.0,4.0,4.0,4.0,4.0,4.0,4.0,4.0,4.0,4.0,4.0,4.0,4.0,4.0,4.0,4.0,2.0,4.0,4.0,4.0,4.0,4.0,4.0,4.0,4.0,4.0,4.0,4.0,4.0,4.0,4.0,92.0,0.0,0.0,6,2.0,2.0,1,1
Ingeniería Civil Industrial,4.0,0.0,4.0,4.0,4.0,4.0,4.0,2.0,4.0,4.0,4.0,4.0,4.0,4.0,4.0,4.0,4.0,4.0,4.0,4.0,4.0,4.0,4.0,4.0,4.0,4.0,4.0,4.0,0.0,4.0,4.0,4.0,4.0,4.0,4.0,4.0,4.0,4.0,4.0,0.0,4.0,73.0,0.0,0.0,6,2.0,2.0,0,1
Ingeniería Civil Industrial,4.0,4.0,0.0,4.0,4.0,4.0,4.0,4.0,4.0,4.0,4.0,4.0,4.0,4.0,4.0,4.0,4.0,2.0,4.0,3.0,4.0,4.0,4.0,4.0,4.0,4.0,4.0,4.0,4.0,4.0,4.0,4.0,4.0,4.0,3.0,4.0,4.0,4.0,4.0,4.0,4.0,95.0,0.0,0.0,6,2.0,2.0,1,1
Ingeniería Civil Industrial,4.0,4.0,0.0,4.0,4.0,4.0,4.0,4.0,4.0,4.0,4.0,4.0,4.0,4.0,4.0,4.0,4.0,4.0,4.0,4.0,4.0,4.0,0.0,4.0,4.0,4.0,4.0,4.0,4.0,4.0,4.0,4.0,4.0,4.0,4.0,0.0,4.0,4.0,4.0,4.0,3.0,92.0,0.0,0.0,6,2.0,2.0,1,1
Ingeniería Civil Industrial,4.0,4.0,0.0,4.0,4.0,4.0,4.0,4.0,4.0,4.0,4.0,4.0,4.0,4.0,4.0,4.0,4.0,4.0,4.0,4.0,4.0,4.0,4.0,4.0,4.0,4.0,4.0,4.0,4.0,4.0,4.0,4.0,4.0,4.0,4.0,4.0,4.0,4.0,4.0,4.0,4.0,99.0,0.0,0.0,6,2.0,2.0,0,1
Ingeniería Civil Industrial,4.0,0.0,4.0,4.0,4.0,4.0,4.0,4.0,3.0,4.0,4.0,3.0,4.0,4.0,4.0,4.0,4.0,4.0,4.0,4.0,4.0,4.0,4.0,4.0,4.0,4.0,4.0,4.0,4.0,4.0,4.0,4.0,4.0,4.0,4.0,4.0,4.0,4.0,4.0,4.0,4.0,80.0,0.0,0.0,6,2.0,2.0,0,1
Ingeniería Civil Industrial,4.0,4.0,0.0,4.0,4.0,4.0,4.0,4.0,4.0,4.0,4.0,4.0,4.0,4.0,4.0,4.0,4.0,4.0,4.0,4.0,4.0,4.0,4.0,4.0,4.0,4.0,4.0,4.0,4.0,4.0,4.0,4.0,4.0,4.0,4.0,4.0,4.0,4.0,4.0,4.0,4.0,100.0,0.0,0.0,6,2.0,2.0,0,1
Ingeniería Civil Industrial,4.0,1.0,4.0,4.0,4.0,4.0,2.0,4.0,4.0,4.0,2.0,1.0,4.0,0.0,4.0,4.0,4.0,4.0,3.0,4.0,0.0,0.0,4.0,4.0,4.0,4.0,4.0,4.0,4.0,4.0,4.0,4.0,3.0,4.0,4.0,4.0,4.0,0.0,2.0,4.0,4.0,89.0,0.0,0.0,6,2.0,2.0,0,1
Ingeniería Civil Industrial,4.0,0.0,4.0,4.0,3.0,4.0,4.0,4.0,4.0,4.0,4.0,4.0,4.0,4.0,4.0,4.0,4.0,4.0,4.0,4.0,4.0,4.0,4.0,4.0,4.0,4.0,4.0,4.0,4.0,4.0,4.0,4.0,4.0,4.0,4.0,4.0,4.0,4.0,4.0,4.0,4.0,78.0,0.0,0.0,6,2.0,2.0,1,1
Ingeniería Civil Industrial,4.0,4.0,0.0,4.0,4.0,4.0,4.0,4.0,4.0,4.0,4.0,4.0,4.0,4.0,4.0,4.0,4.0,4.0,4.0,4.0,4.0,4.0,4.0,4.0,4.0,4.0,4.0,4.0,4.0,4.0,2.0,4.0,4.0,1.0,4.0,4.0,4.0,4.0,4.0,2.0,4.0,96.0,0.0,0.0,6,2.0,2.0,1,1
Ingeniería Civil Industrial,4.0,0.0,4.0,4.0,4.0,4.0,4.0,4.0,4.0,4.0,4.0,4.0,4.0,4.0,4.0,4.0,4.0,4.0,4.0,4.0,4.0,4.0,4.0,4.0,4.0,4.0,4.0,4.0,4.0,4.0,4.0,4.0,4.0,4.0,4.0,4.0,4.0,4.0,4.0,4.0,4.0,78.0,0.0,0.0,6,2.0,2.0,0,1
Ingeniería Civil Industrial,4.0,2.0,0.0,1.0,4.0,4.0,4.0,4.0,1.0,4.0,4.0,4.0,4.0,4.0,4.0,4.0,4.0,4.0,4.0,4.0,4.0,4.0,4.0,4.0,4.0,4.0,4.0,4.0,4.0,4.0,4.0,4.0,4.0,4.0,4.0,4.0,4.0,4.0,4.0,4.0,4.0,82.0,0.0,0.0,6,2.0,2.0,1,1
Ingeniería Civil Industrial,2.0,4.0,0.0,4.0,4.0,1.0,4.0,4.0,3.0,4.0,4.0,3.0,3.0,4.0,4.0,4.0,4.0,4.0,4.0,4.0,4.0,4.0,4.0,4.0,4.0,4.0,4.0,4.0,4.0,3.0,1.0,4.0,2.0,4.0,4.0,4.0,4.0,4.0,0.0,4.0,0.0,75.0,0.0,0.0,6,2.0,2.0,1,1
Ingeniería Civil Industrial,1.0,0.0,0.0,4.0,0.0,4.0,4.0,0.0,4.0,3.0,0.0,0.0,4.0,0.0,4.0,4.0,3.0,1.0,0.0,4.0,0.0,0.0,4.0,4.0,4.0,4.0,4.0,2.0,4.0,4.0,4.0,4.0,4.0,4.0,0.0,0.0,0.0,0.0,0.0,0.0,0.0,23.0,0.0,0.0,6,2.0,2.0,1,0
Ingeniería Civil Industrial,4.0,0.0,3.0,4.0,0.0,4.0,4.0,4.0,3.0,4.0,0.0,4.0,0.0,0.0,4.0,1.0,4.0,4.0,4.0,4.0,4.0,4.0,4.0,4.0,4.0,4.0,4.0,4.0,4.0,4.0,4.0,4.0,0.0,4.0,4.0,4.0,4.0,4.0,4.0,4.0,4.0,54.0,0.0,0.0,6,2.0,2.0,0,0
Ingeniería Civil Industrial,4.0,4.0,0.0,4.0,4.0,4.0,4.0,4.0,4.0,4.0,4.0,4.0,4.0,4.0,4.0,4.0,4.0,4.0,4.0,4.0,4.0,4.0,4.0,4.0,4.0,4.0,4.0,4.0,4.0,4.0,4.0,4.0,4.0,4.0,4.0,4.0,4.0,4.0,4.0,4.0,4.0,99.0,0.0,0.0,6,2.0,2.0,1,1
Ingeniería Civil Industrial,1.0,4.0,0.0,4.0,4.0,0.0,4.0,4.0,3.0,4.0,1.0,3.0,4.0,4.0,4.0,4.0,4.0,2.0,4.0,4.0,4.0,4.0,4.0,4.0,4.0,4.0,4.0,4.0,4.0,4.0,4.0,4.0,4.0,4.0,4.0,0.0,0.0,4.0,4.0,4.0,4.0,75.0,0.0,0.0,6,2.0,2.0,1,1
Ingeniería Civil Industrial,4.0,4.0,0.0,4.0,4.0,4.0,4.0,4.0,4.0,4.0,4.0,4.0,4.0,4.0,4.0,4.0,4.0,4.0,4.0,4.0,4.0,4.0,4.0,4.0,4.0,4.0,4.0,4.0,4.0,4.0,4.0,4.0,4.0,4.0,4.0,4.0,4.0,4.0,4.0,4.0,4.0,96.0,0.0,0.0,6,2.0,2.0,0,1
Ingeniería Civil Industrial,4.0,2.0,0.0,4.0,0.0,4.0,4.0,4.0,0.0,4.0,4.0,4.0,4.0,1.0,4.0,4.0,4.0,4.0,4.0,4.0,4.0,4.0,4.0,4.0,4.0,4.0,4.0,4.0,4.0,4.0,4.0,4.0,1.0,4.0,4.0,4.0,4.0,4.0,4.0,4.0,4.0,73.0,0.0,0.0,6,2.0,2.0,0,1
Ingeniería Civil Industrial,4.0,0.0,1.0,3.0,0.0,4.0,4.0,4.0,3.0,4.0,1.0,3.0,4.0,4.0,4.0,4.0,4.0,4.0,2.0,3.0,0.0,3.0,0.0,4.0,4.0,4.0,3.0,4.0,4.0,2.0,4.0,4.0,4.0,4.0,4.0,4.0,0.0,4.0,2.0,4.0,4.0,44.0,0.0,0.0,6,2.0,2.0,1,0
Ingeniería Civil Industrial,4.0,1.0,0.0,4.0,0.0,4.0,4.0,4.0,4.0,4.0,4.0,1.0,4.0,4.0,4.0,4.0,4.0,4.0,4.0,4.0,4.0,4.0,4.0,4.0,4.0,4.0,4.0,4.0,0.0,4.0,4.0,4.0,0.0,4.0,4.0,4.0,4.0,4.0,4.0,0.0,0.0,67.0,0.0,0.0,6,2.0,2.0,0,1
Ingeniería Civil Industrial,4.0,4.0,0.0,4.0,4.0,4.0,4.0,4.0,0.0,4.0,4.0,4.0,4.0,4.0,4.0,4.0,4.0,4.0,4.0,4.0,4.0,4.0,4.0,4.0,4.0,4.0,4.0,4.0,3.0,4.0,4.0,4.0,4.0,4.0,4.0,4.0,4.0,4.0,4.0,0.0,0.0,94.0,0.0,0.0,6,2.0,2.0,0,1
Ingeniería Civil Industrial,4.0,4.0,0.0,4.0,4.0,4.0,4.0,4.0,4.0,4.0,4.0,4.0,4.0,4.0,4.0,4.0,4.0,4.0,4.0,4.0,4.0,4.0,4.0,4.0,4.0,4.0,4.0,4.0,4.0,4.0,4.0,4.0,4.0,4.0,4.0,4.0,4.0,4.0,4.0,4.0,4.0,89.0,0.0,0.0,6,2.0,2.0,0,1
Ingeniería Civil Industrial,1.0,1.0,1.0,4.0,4.0,4.0,4.0,4.0,4.0,1.0,4.0,3.0,4.0,4.0,4.0,4.0,4.0,4.0,4.0,4.0,4.0,4.0,4.0,4.0,4.0,4.0,4.0,4.0,1.0,4.0,1.0,4.0,2.0,4.0,3.0,4.0,4.0,0.0,0.0,0.0,0.0,23.0,0.0,0.0,6,2.0,2.0,1,0
Ingeniería Civil Industrial,4.0,1.0,0.0,4.0,4.0,4.0,4.0,4.0,3.0,4.0,4.0,4.0,4.0,4.0,4.0,4.0,4.0,4.0,4.0,4.0,4.0,4.0,4.0,4.0,4.0,4.0,4.0,4.0,4.0,1.0,4.0,4.0,0.0,4.0,4.0,4.0,4.0,4.0,4.0,4.0,4.0,77.0,0.0,0.0,6,2.0,2.0,0,1
Ingeniería Civil Industrial,4.0,4.0,0.0,4.0,4.0,4.0,4.0,4.0,3.0,4.0,4.0,4.0,4.0,4.0,4.0,4.0,4.0,4.0,4.0,4.0,4.0,4.0,4.0,4.0,4.0,4.0,4.0,4.0,4.0,4.0,4.0,4.0,4.0,4.0,4.0,4.0,4.0,4.0,4.0,0.0,4.0,94.0,0.0,0.0,6,2.0,2.0,0,1
Ingeniería Civil Industrial,4.0,0.0,3.0,4.0,0.0,4.0,4.0,4.0,4.0,4.0,0.0,4.0,4.0,4.0,4.0,4.0,4.0,4.0,4.0,4.0,4.0,4.0,4.0,4.0,4.0,4.0,4.0,4.0,4.0,4.0,4.0,4.0,4.0,4.0,4.0,4.0,4.0,4.0,4.0,4.0,4.0,53.0,0.0,0.0,6,2.0,2.0,0,0
Ingeniería Civil Industrial,4.0,4.0,0.0,4.0,0.0,4.0,4.0,1.0,0.0,0.0,4.0,0.0,4.0,0.0,0.0,4.0,4.0,0.0,1.0,4.0,0.0,0.0,0.0,4.0,4.0,4.0,0.0,4.0,0.0,4.0,4.0,4.0,4.0,4.0,0.0,0.0,4.0,0.0,4.0,0.0,0.0,63.0,0.0,0.0,6,2.0,2.0,1,1
Ingeniería Civil Industrial,4.0,0.0,4.0,4.0,4.0,4.0,2.0,2.0,3.0,0.0,0.0,0.0,0.0,4.0,4.0,4.0,0.0,4.0,0.0,4.0,4.0,0.0,0.0,4.0,4.0,4.0,4.0,4.0,4.0,4.0,4.0,4.0,0.0,4.0,4.0,4.0,4.0,4.0,0.0,0.0,4.0,61.0,0.0,0.0,6,2.0,2.0,1,1
Ingeniería Civil Industrial,4.0,3.0,0.0,4.0,4.0,4.0,4.0,4.0,4.0,4.0,4.0,4.0,4.0,4.0,4.0,4.0,4.0,4.0,4.0,4.0,4.0,4.0,4.0,4.0,4.0,4.0,4.0,4.0,0.0,4.0,4.0,4.0,4.0,4.0,4.0,4.0,4.0,4.0,4.0,4.0,4.0,86.0,0.0,0.0,6,2.0,2.0,1,1
Ingeniería Civil Industrial,4.0,4.0,0.0,4.0,4.0,4.0,4.0,4.0,3.0,4.0,4.0,4.0,4.0,4.0,4.0,4.0,4.0,4.0,4.0,4.0,4.0,4.0,4.0,4.0,4.0,4.0,4.0,4.0,4.0,4.0,4.0,4.0,4.0,4.0,4.0,4.0,4.0,4.0,4.0,4.0,4.0,95.0,0.0,0.0,6,2.0,2.0,0,1
Ingeniería Civil Industrial,4.0,4.0,0.0,4.0,4.0,4.0,4.0,4.0,4.0,4.0,4.0,4.0,4.0,4.0,4.0,4.0,4.0,4.0,4.0,4.0,4.0,4.0,4.0,4.0,4.0,4.0,4.0,4.0,4.0,4.0,4.0,4.0,4.0,4.0,4.0,4.0,4.0,4.0,4.0,4.0,4.0,99.0,0.0,0.0,6,2.0,2.0,0,1
Ingeniería Civil Industrial,4.0,0.0,4.0,4.0,0.0,4.0,4.0,4.0,3.0,4.0,4.0,4.0,0.0,0.0,4.0,4.0,4.0,4.0,4.0,4.0,4.0,4.0,4.0,4.0,4.0,4.0,4.0,3.0,0.0,4.0,4.0,4.0,0.0,4.0,4.0,4.0,4.0,4.0,4.0,4.0,3.0,67.0,0.0,0.0,6,2.0,2.0,0,1
Ingeniería Civil Industrial,4.0,2.0,0.0,4.0,0.0,4.0,4.0,4.0,3.0,4.0,4.0,3.0,4.0,4.0,4.0,4.0,4.0,4.0,4.0,4.0,4.0,4.0,4.0,4.0,4.0,4.0,4.0,4.0,4.0,4.0,4.0,4.0,4.0,4.0,4.0,4.0,4.0,0.0,2.0,4.0,4.0,76.0,0.0,0.0,6,2.0,2.0,1,1
Ingeniería Civil Industrial,1.0,1.0,0.0,4.0,4.0,4.0,2.0,0.0,3.0,1.0,2.0,0.0,4.0,0.0,0.0,0.0,4.0,0.0,0.0,0.0,0.0,0.0,4.0,0.0,0.0,4.0,4.0,0.0,0.0,4.0,4.0,4.0,3.0,4.0,0.0,0.0,0.0,0.0,0.0,0.0,0.0,25.0,0.0,0.0,6,2.0,2.0,1,0
Ingeniería Civil Industrial,4.0,2.0,0.0,3.0,4.0,4.0,4.0,4.0,3.0,4.0,2.0,4.0,4.0,4.0,4.0,4.0,4.0,4.0,4.0,3.0,4.0,4.0,0.0,4.0,4.0,4.0,4.0,4.0,4.0,4.0,4.0,4.0,4.0,4.0,4.0,4.0,4.0,4.0,4.0,4.0,4.0,77.0,0.0,0.0,6,2.0,2.0,0,1
Ingeniería Civil Industrial,2.0,0.0,3.0,4.0,4.0,4.0,4.0,4.0,1.0,4.0,1.0,4.0,4.0,4.0,4.0,4.0,4.0,4.0,4.0,4.0,4.0,4.0,4.0,4.0,4.0,4.0,4.0,4.0,0.0,4.0,0.0,4.0,0.0,4.0,4.0,4.0,4.0,4.0,4.0,4.0,4.0,70.0,0.0,0.0,6,2.0,2.0,1,1
Ingeniería Civil Industrial,4.0,4.0,0.0,4.0,4.0,4.0,4.0,4.0,3.0,4.0,1.0,3.0,4.0,0.0,4.0,4.0,4.0,4.0,4.0,4.0,4.0,4.0,4.0,4.0,4.0,4.0,4.0,4.0,4.0,4.0,4.0,4.0,4.0,4.0,4.0,4.0,4.0,4.0,4.0,4.0,4.0,95.0,0.0,0.0,6,2.0,2.0,1,1
Ingeniería Civil Industrial,4.0,0.0,4.0,4.0,4.0,4.0,4.0,4.0,0.0,0.0,2.0,4.0,4.0,4.0,4.0,4.0,4.0,4.0,4.0,4.0,4.0,4.0,4.0,4.0,4.0,4.0,4.0,4.0,4.0,4.0,4.0,4.0,4.0,4.0,4.0,4.0,4.0,4.0,4.0,4.0,4.0,54.0,0.0,0.0,6,2.0,2.0,0,0
Ingeniería Civil Industrial,1.0,3.0,0.0,4.0,4.0,4.0,4.0,4.0,3.0,4.0,4.0,4.0,4.0,4.0,4.0,4.0,4.0,4.0,4.0,4.0,4.0,4.0,4.0,4.0,4.0,4.0,4.0,4.0,4.0,4.0,4.0,4.0,4.0,4.0,4.0,4.0,4.0,4.0,4.0,4.0,4.0,76.0,0.0,0.0,6,2.0,2.0,1,1
Ingeniería Civil Industrial,4.0,1.0,0.0,4.0,4.0,4.0,4.0,4.0,3.0,4.0,2.0,3.0,4.0,4.0,4.0,4.0,4.0,4.0,4.0,4.0,4.0,4.0,4.0,4.0,4.0,4.0,4.0,4.0,4.0,4.0,4.0,4.0,0.0,0.0,4.0,4.0,4.0,4.0,4.0,4.0,4.0,75.0,0.0,0.0,6,2.0,2.0,1,1
Ingeniería Civil Industrial,4.0,4.0,0.0,4.0,4.0,4.0,2.0,4.0,4.0,4.0,4.0,4.0,4.0,4.0,4.0,4.0,4.0,4.0,4.0,4.0,4.0,4.0,4.0,4.0,4.0,4.0,4.0,4.0,4.0,4.0,4.0,4.0,4.0,4.0,4.0,4.0,4.0,4.0,4.0,4.0,4.0,95.0,0.0,0.0,6,2.0,2.0,0,1
Ingeniería Civil Industrial,4.0,4.0,0.0,4.0,4.0,4.0,4.0,2.0,3.0,4.0,4.0,4.0,4.0,4.0,4.0,4.0,4.0,4.0,4.0,4.0,4.0,4.0,4.0,4.0,4.0,4.0,4.0,4.0,4.0,4.0,4.0,4.0,4.0,4.0,4.0,4.0,4.0,4.0,4.0,4.0,4.0,95.0,0.0,0.0,6,2.0,2.0,1,1
Ingeniería Civil Industrial,4.0,4.0,0.0,4.0,4.0,4.0,4.0,4.0,4.0,4.0,4.0,4.0,4.0,4.0,4.0,4.0,4.0,4.0,4.0,4.0,4.0,4.0,4.0,4.0,4.0,4.0,4.0,4.0,4.0,4.0,4.0,4.0,4.0,4.0,1.0,4.0,4.0,4.0,4.0,4.0,4.0,91.0,0.0,0.0,6,2.0,2.0,1,1
Ingeniería en Aviación Comercial,0.0,0.0,0.0,0.0,0.0,0.0,0.0,0.0,0.0,0.0,0.0,0.0,0.0,0.0,0.0,0.0,0.0,0.0,0.0,0.0,0.0,0.0,0.0,0.0,0.0,0.0,0.0,0.0,0.0,0.0,0.0,0.0,0.0,0.0,0.0,0.0,0.0,0.0,0.0,0.0,0.0,0.0,0.0,0.0,15,2.0,2.0,1,0
Ingeniería en Aviación Comercial,4.0,4.0,0.0,4.0,3.0,4.0,4.0,4.0,3.0,4.0,4.0,1.0,4.0,0.0,4.0,4.0,4.0,4.0,0.0,0.0,4.0,4.0,4.0,4.0,4.0,4.0,4.0,4.0,1.0,1.0,1.0,1.0,1.0,4.0,4.0,4.0,0.0,0.0,0.0,0.0,4.0,80.0,0.0,0.0,15,2.0,2.0,1,1
Ingeniería en Aviación Comercial,0.0,0.0,0.0,0.0,0.0,0.0,0.0,0.0,0.0,0.0,0.0,0.0,0.0,0.0,0.0,0.0,0.0,0.0,0.0,0.0,0.0,0.0,0.0,0.0,0.0,0.0,0.0,0.0,0.0,0.0,0.0,0.0,0.0,0.0,0.0,0.0,0.0,0.0,0.0,0.0,0.0,0.0,0.0,0.0,15,2.0,2.0,0,0
Ingeniería en Aviación Comercial,4.0,3.0,0.0,4.0,4.0,4.0,4.0,4.0,4.0,4.0,1.0,4.0,4.0,0.0,4.0,0.0,4.0,0.0,4.0,4.0,0.0,0.0,0.0,4.0,4.0,4.0,4.0,4.0,1.0,1.0,1.0,1.0,2.0,0.0,0.0,0.0,0.0,0.0,0.0,0.0,0.0,65.0,0.0,0.0,15,2.0,2.0,0,1
Ingeniería en Aviación Comercial,4.0,4.0,0.0,0.0,0.0,4.0,4.0,4.0,3.0,4.0,4.0,4.0,0.0,4.0,4.0,4.0,4.0,4.0,4.0,4.0,4.0,4.0,4.0,4.0,4.0,4.0,4.0,4.0,2.0,4.0,4.0,4.0,4.0,4.0,4.0,4.0,4.0,4.0,4.0,4.0,4.0,85.0,0.0,0.0,15,2.0,2.0,0,1
Ingeniería Civil Industrial,4.0,4.0,0.0,4.0,4.0,4.0,4.0,4.0,4.0,4.0,4.0,4.0,4.0,4.0,4.0,4.0,4.0,4.0,4.0,4.0,4.0,4.0,4.0,4.0,4.0,4.0,4.0,4.0,4.0,4.0,4.0,4.0,4.0,4.0,4.0,4.0,4.0,4.0,4.0,4.0,4.0,99.0,0.0,0.0,6,2.0,2.0,0,1
Ingeniería en Aviación Comercial,0.0,0.0,0.0,4.0,0.0,0.0,0.0,0.0,0.0,0.0,0.0,0.0,0.0,0.0,0.0,0.0,0.0,0.0,0.0,0.0,0.0,0.0,0.0,0.0,0.0,0.0,0.0,0.0,0.0,0.0,0.0,0.0,0.0,0.0,0.0,0.0,0.0,0.0,0.0,0.0,0.0,0.0,0.0,0.0,15,2.0,2.0,0,0
Ingeniería en Aviación Comercial,0.0,0.0,0.0,0.0,0.0,0.0,0.0,0.0,0.0,0.0,0.0,0.0,0.0,0.0,0.0,0.0,0.0,0.0,0.0,0.0,0.0,0.0,0.0,0.0,0.0,0.0,0.0,0.0,0.0,0.0,0.0,0.0,0.0,0.0,0.0,0.0,0.0,0.0,0.0,0.0,0.0,0.0,0.0,0.0,15,2.0,2.0,0,0
Ingeniería en Aviación Comercial,4.0,0.0,0.0,4.0,0.0,1.0,4.0,4.0,3.0,4.0,0.0,0.0,3.0,0.0,4.0,1.0,4.0,4.0,3.0,4.0,0.0,2.0,4.0,4.0,4.0,4.0,4.0,2.0,0.0,0.0,0.0,0.0,0.0,0.0,4.0,4.0,4.0,0.0,0.0,0.0,0.0,36.0,0.0,0.0,15,2.0,2.0,0,0
Ingeniería en Aviación Comercial,4.0,4.0,0.0,0.0,0.0,0.0,4.0,2.0,1.0,4.0,4.0,3.0,4.0,0.0,4.0,4.0,4.0,4.0,4.0,4.0,0.0,4.0,4.0,0.0,4.0,4.0,4.0,2.0,4.0,4.0,4.0,4.0,4.0,0.0,0.0,4.0,4.0,4.0,4.0,4.0,4.0,82.0,0.0,0.0,15,2.0,2.0,0,1
Ingeniería Civil Industrial,4.0,4.0,0.0,4.0,0.0,4.0,4.0,4.0,4.0,4.0,4.0,4.0,4.0,4.0,4.0,4.0,4.0,4.0,4.0,4.0,4.0,4.0,4.0,4.0,4.0,4.0,4.0,4.0,4.0,4.0,4.0,4.0,4.0,4.0,4.0,4.0,4.0,4.0,4.0,4.0,4.0,97.0,0.0,0.0,6,2.0,2.0,0,1
Ingeniería en Aviación Comercial,0.0,0.0,0.0,0.0,0.0,0.0,0.0,0.0,0.0,0.0,0.0,0.0,0.0,0.0,0.0,4.0,1.0,0.0,0.0,0.0,0.0,0.0,0.0,0.0,2.0,4.0,1.0,0.0,0.0,0.0,0.0,0.0,0.0,0.0,0.0,0.0,0.0,0.0,0.0,0.0,0.0,0.0,0.0,0.0,15,2.0,2.0,0,0
Ingeniería en Aviación Comercial,4.0,4.0,0.0,3.0,0.0,4.0,4.0,4.0,4.0,4.0,4.0,0.0,0.0,4.0,4.0,4.0,4.0,1.0,4.0,4.0,4.0,4.0,0.0,4.0,4.0,4.0,4.0,4.0,0.0,4.0,4.0,0.0,4.0,4.0,4.0,4.0,4.0,4.0,4.0,0.0,0.0,75.0,0.0,0.0,15,2.0,2.0,0,1
Ingeniería en Aviación Comercial,0.0,0.0,0.0,4.0,3.0,4.0,1.0,1.0,1.0,1.0,0.0,0.0,0.0,4.0,0.0,4.0,0.0,0.0,0.0,0.0,0.0,0.0,0.0,4.0,4.0,4.0,0.0,0.0,0.0,0.0,0.0,0.0,0.0,0.0,4.0,0.0,0.0,0.0,0.0,0.0,0.0,0.0,0.0,0.0,15,2.0,2.0,0,0
Ingeniería en Aviación Comercial,1.0,1.0,0.0,0.0,0.0,0.0,1.0,0.0,1.0,1.0,2.0,1.0,4.0,0.0,4.0,4.0,0.0,0.0,0.0,4.0,0.0,0.0,0.0,0.0,0.0,0.0,0.0,0.0,0.0,0.0,0.0,0.0,0.0,0.0,0.0,0.0,0.0,0.0,0.0,0.0,0.0,28.0,0.0,0.0,15,2.0,2.0,1,0
Ingeniería en Aviación Comercial,4.0,2.0,0.0,4.0,4.0,4.0,4.0,4.0,3.0,4.0,1.0,4.0,3.0,4.0,4.0,4.0,4.0,4.0,4.0,4.0,4.0,4.0,4.0,4.0,4.0,4.0,4.0,4.0,4.0,1.0,2.0,2.0,0.0,4.0,4.0,4.0,4.0,4.0,4.0,4.0,4.0,80.0,0.0,0.0,15,2.0,2.0,0,1
